idx,name,verdict,reason,killDepth,collapses,promotions,frontier,ms
0,"[3,3,3,3,3,3;3,3,3,3,6;3,3,3,3,6]",survived,wall,-1,4,0,13,2261
1,"[3,3,3,3,3,3;3,3,3,3,6;3,3,3,3,6]",survived,timecap,-1,11,0,18,11686
2,"[3,3,3,3,3,3;3,3,3,3,6;3,3,3,3,6]",survived,wall,-1,10,0,18,12371
3,"[3,3,3,3,3,3;3,3,3,3,6;3,3,3,3,6]",survived,timecap,-1,10,0,20,11961
4,"[3,3,3,3,3,3;3,3,3,3,6;3,3,3,3,6]",survived,timecap,-1,10,0,20,11421
5,"[3,3,3,3,3,3;3,3,3,3,6;3,3,3,3,6]",survived,timecap,-1,11,0,18,11886
6,"[3,3,3,3,3,3;3,3,3,3,6;3,3,3,3,6]",survived,timecap,-1,10,0,20,11811
7,"[3,3,3,3,3,3;3,3,3,3,6;3,3,3,3,6]",survived,timecap,-1,10,0,20,12221
8,"[3,3,3,3,3,3;3,3,3,3,6;3,3,3,3,6]",survived,timecap,-1,10,0,18,10213
9,"[3,3,3,3,3,3;3,3,3,3,6;3,3,3,3,6]",survived,timecap,-1,10,0,18,10189
10,"[3,3,3,3,3,3;3,3,3,3,6;3,3,3,3,6]",survived,timecap,-1,11,0,18,11949
11,"[3,3,3,3,3,3;3,3,3,3,6;3,3,3,3,6]",survived,timecap,-1,10,0,18,10279
12,"[3,3,3,3,3,3;3,3,3,3,6;3,3,3,3,6]",survived,wall,-1,4,0,13,2349
13,"[3,3,3,3,3,3;3,3,3,3,6;3,3,3,3,6]",survived,timecap,-1,10,0,20,11054
14,"[3,3,3,3,3,3;3,3,3,3,6;3,3,3,3,6]",survived,timecap,-1,9,0,22,11846
15,"[3,3,3,3,3,3;3,3,3,3,6;3,3,3,3,6]",survived,wall,-1,4,0,14,2677
16,"[3,3,3,3,3,3;3,3,3,3,3,3;3,3,3,3,6]",survived,wall,-1,5,0,14,3446
17,"[3,3,3,3,3,3;3,3,3,3,3,3;3,3,3,3,6]",survived,wall,-1,5,0,15,4038
18,"[3,3,3,3,3,3;3,3,3,3,3,3;3,3,3,3,6]",survived,wall,-1,6,0,15,5013
19,"[3,3,3,3,3,3;3,3,3,3,3,3;3,3,3,3,6]",survived,wall,-1,5,0,14,3609
20,"[3,3,3,3,3,3;3,3,3,3,3,3;3,3,3,3,6]",survived,wall,-1,5,0,15,4061
21,"[3,3,3,3,3,3;3,3,3,3,3,3;3,3,3,3,6]",survived,wall,-1,5,0,16,4584
22,"[3,3,3,3,3,3;3,3,3,3,6;3,3,3,3,3,3]",survived,wall,-1,5,0,14,3553
23,"[3,3,3,3,3,3;3,3,3,3,6;3,3,3,4,4]",survived,timecap,-1,11,0,18,12341
24,"[3,3,3,3,3,3;3,3,3,3,6;3,3,3,4,4]",survived,timecap,-1,11,0,17,11090
25,"[3,3,3,3,3,3;3,3,3,3,6;3,3,3,4,4]",survived,timecap,-1,10,0,17,10104
26,"[3,3,3,3,3,3;3,3,3,3,6;3,3,3,4,4]",survived,timecap,-1,10,0,17,10099
27,"[3,3,3,3,3,3;3,3,3,3,6;3,3,3,4,4]",survived,timecap,-1,11,0,17,11266
28,"[3,3,3,3,3,3;3,3,3,3,6;3,3,3,4,4]",survived,timecap,-1,11,0,18,12653
29,"[3,3,3,3,3,3;3,3,3,3,6;3,3,3,4,4]",survived,timecap,-1,11,0,18,12438
30,"[3,3,3,3,3,3;3,3,3,3,6;3,3,3,4,4]",survived,timecap,-1,10,0,17,10397
31,"[3,3,3,3,3,3;3,3,3,3,6;3,3,3,4,4]",killed,entropy0,1,1,0,8,357
32,"[3,3,3,3,3,3;3,3,3,3,6;3,3,3,4,4]",survived,timecap,-1,10,0,17,10640
33,"[3,3,3,3,3,3;3,3,3,3,6;3,3,4,3,4]",killed,entropy0,1,1,0,9,310
34,"[3,3,3,3,3,3;3,3,3,3,6;3,3,4,3,4]",killed,entropy0,1,1,0,9,316
35,"[3,3,3,3,3,3;3,3,3,3,6;3,3,12,4]",killed,entropy0,1,1,0,7,285
36,"[3,3,3,3,3,3;3,3,3,3,6;3,3,4,12]",killed,entropy0,1,1,0,7,303
37,"[3,3,3,3,3,3;3,3,3,3,6;3,3,6,6]",survived,wall,-1,1,0,9,415
38,"[3,3,3,3,3,3;3,3,3,3,6;3,3,6,6]",survived,wall,-1,2,1,11,989
39,"[3,3,3,3,3,3;3,3,3,3,6;3,3,6,6]",survived,wall,-1,1,0,9,547
40,"[3,3,3,3,3,3;3,3,3,3,6;3,3,6,6]",survived,wall,-1,2,0,9,830
41,"[3,3,3,3,3,3;3,3,3,3,6;3,3,6,6]",survived,wall,-1,1,0,10,525
42,"[3,3,3,3,3,3;3,3,3,3,6;3,3,6,6]",survived,wall,-1,2,0,9,788
43,"[3,3,3,3,3,3;3,3,3,3,6;3,3,6,6]",survived,wall,-1,1,0,9,544
44,"[3,3,3,3,3,3;3,3,3,3,6;3,3,6,6]",survived,wall,-1,1,0,10,591
45,"[3,3,3,3,3,3;3,3,3,3,6;3,6,3,6]",survived,wall,-1,2,0,10,889
46,"[3,3,3,3,3,3;3,3,3,3,6;3,6,3,6]",survived,wall,-1,1,0,8,446
47,"[3,3,3,3,3,3;3,3,3,4,4;3,3,3,4,4]",survived,timecap,-1,11,0,16,11136
48,"[3,3,3,3,3,3;3,3,3,4,4;3,3,3,4,4]",killed,entropy0,2,2,0,9,546
49,"[3,3,3,3,3,3;3,3,3,4,4;3,3,3,4,4]",survived,timecap,-1,12,0,16,10143
50,"[3,3,3,3,3,3;3,3,3,4,4;3,3,3,4,4]",killed,entropy0,2,2,0,9,622
51,"[3,3,3,3,3,3;3,3,3,4,4;3,3,3,4,4]",survived,timecap,-1,12,0,16,10105
52,"[3,3,3,3,3,3;3,3,3,4,4;3,3,3,4,4]",survived,timecap,-1,11,0,16,10910
53,"[3,3,3,3,3,3;3,3,3,4,4;3,3,3,4,4]",survived,timecap,-1,10,0,16,10279
54,"[3,3,3,3,3,3;3,3,3,3,3,3;3,3,3,4,4]",survived,timecap,-1,11,0,16,11765
55,"[3,3,3,3,3,3;3,3,3,3,3,3;3,3,3,4,4]",survived,timecap,-1,11,0,16,10892
56,"[3,3,3,3,3,3;3,3,3,3,3,3;3,3,3,4,4]",survived,timecap,-1,11,0,16,11209
57,"[3,3,3,3,3,3;3,3,3,3,3,3;3,3,3,4,4]",survived,timecap,-1,11,0,16,10704
58,"[3,3,3,3,3,3;3,3,3,4,4;3,3,4,3,4]",survived,wall,-1,1,0,10,537
59,"[3,3,3,3,3,3;3,3,3,4,4;3,3,4,3,4]",survived,wall,-1,2,0,11,1023
60,"[3,3,3,3,3,3;3,3,3,4,4;3,3,4,3,4]",survived,wall,-1,1,0,11,661
61,"[3,3,3,3,3,3;3,3,3,4,4;3,3,4,3,4]",survived,wall,-1,4,0,13,2418
62,"[3,3,3,3,3,3;3,3,3,4,4;3,3,4,3,4]",survived,wall,-1,2,0,11,1025
63,"[3,3,3,3,3,3;3,3,3,4,4;3,3,4,3,4]",survived,wall,-1,3,0,13,2283
64,"[3,3,3,3,3,3;3,3,4,3,4;3,3,3,4,4]",survived,wall,-1,2,0,10,1246
65,"[3,3,3,3,3,3;3,3,3,4,4;3,3,4,12]",survived,timecap,-1,11,0,18,12350
66,"[3,3,3,3,3,3;3,3,3,4,4;3,3,12,4]",survived,timecap,-1,10,1,18,12282
67,"[3,3,3,3,3,3;3,3,3,4,4;3,3,4,12]",killed,entropy0,2,2,0,7,805
68,"[3,3,3,3,3,3;3,3,3,4,4;3,3,12,4]",killed,entropy0,1,1,0,7,264
69,"[3,3,3,3,3,3;3,3,3,4,4;3,3,12,4]",killed,entropy0,2,2,0,7,642
70,"[3,3,3,3,3,3;3,3,3,4,4;3,3,12,4]",survived,timecap,-1,11,0,18,11382
71,"[3,3,3,3,3,3;3,3,3,4,4;3,3,6,6]",killed,entropy0,1,1,0,7,198
72,"[3,3,3,3,3,3;3,3,3,4,4;3,4,4,6]",killed,entropy0,3,3,0,11,1297
73,"[3,3,3,3,3,3;3,3,3,4,4;3,6,4,4]",killed,entropy0,3,3,0,11,1386
74,"[3,3,3,3,3,3;3,3,3,4,4;3,4,6,4]",survived,timecap,-1,12,0,15,11634
75,"[3,3,3,3,3,3;3,3,3,4,4;4,4,4,4]",survived,timecap,-1,12,0,16,11040
76,"[3,3,3,3,3,3;3,3,4,3,4;3,3,4,3,4]",survived,wall,-1,4,0,12,1808
77,"[3,3,3,3,3,3;3,3,4,3,4;3,3,4,3,4]",survived,wall,-1,4,0,12,1865
78,"[3,3,3,3,3,3;3,3,4,3,4;3,3,4,3,4]",survived,wall,-1,4,0,12,1848
79,"[3,3,3,3,3,3;3,3,4,3,4;3,3,4,3,4]",survived,wall,-1,7,0,15,5304
80,"[3,3,3,3,3,3;3,3,4,3,4;3,3,4,3,4]",survived,wall,-1,6,0,14,4086
81,"[3,3,3,3,3,3;3,3,3,3,3,3;3,3,4,3,4]",killed,entropy0,1,1,0,10,265
82,"[3,3,3,3,3,3;3,3,4,12;3,3,4,3,4]",survived,timecap,-1,10,1,17,10028
83,"[3,3,3,3,3,3;3,3,4,12;3,3,4,3,4]",survived,timecap,-1,10,1,15,10016
84,"[3,3,3,3,3,3;3,3,4,12;3,3,4,3,4]",survived,timecap,-1,11,0,15,10687
85,"[3,3,3,3,3,3;3,3,4,12;3,3,4,3,4]",survived,timecap,-1,11,0,17,10932
86,"[3,3,3,3,3,3;3,3,4,3,4;3,3,4,12]",killed,entropy0,3,3,0,9,1468
87,"[3,3,3,3,3,3;3,3,4,3,4;3,3,6,6]",killed,entropy0,1,1,0,7,226
88,"[3,3,3,3,3,3;3,3,4,3,4;3,4,3,12]",survived,timecap,-1,11,1,15,10993
89,"[3,3,3,3,3,3;3,3,4,3,4;3,4,4,6]",survived,timecap,-1,13,0,12,10258
90,"[3,3,3,3,3,3;3,3,4,3,4;3,4,6,4]",survived,wall,-1,10,0,18,9328
91,"[3,3,3,3,3,3;3,3,4,12;3,3,12,4]",survived,timecap,-1,14,1,12,11241
92,"[3,3,3,3,3,3;3,3,4,12;3,3,4,12]",survived,timecap,-1,13,2,12,11221
93,"[3,3,3,3,3,3;3,3,4,12;3,3,12,4]",survived,timecap,-1,13,2,12,11277
94,"[3,3,3,3,3,3;3,3,4,12;3,3,12,4]",survived,timecap,-1,14,1,12,11371
95,"[3,3,3,3,3,3;3,3,4,12;3,3,12,4]",survived,timecap,-1,13,1,12,10422
96,"[3,3,3,3,3,3;3,3,3,3,3,3;3,3,4,12]",killed,entropy0,1,1,0,8,276
97,"[3,3,3,3,3,3;3,3,4,12;4,6,12]",survived,wall,-1,7,3,8,2068
98,"[3,3,3,3,3,3;3,3,6,6;3,3,6,6]",survived,timecap,-1,13,1,18,11436
99,"[3,3,3,3,3,3;3,3,6,6;3,3,6,6]",survived,timecap,-1,12,2,18,11411
100,"[3,3,3,3,3,3;3,3,6,6;3,3,6,6]",survived,timecap,-1,12,2,18,11564
101,"[3,3,3,3,3,3;3,3,6,6;3,3,6,6]",survived,timecap,-1,13,1,18,12186
102,"[3,3,3,3,3,3;3,3,3,3,3,3;3,3,6,6]",killed,entropy0,1,1,0,8,208
103,"[3,3,3,3,3,3;3,3,6,6;6,6,6]",survived,wall,-1,4,1,7,685
104,"[3,3,3,3,6;3,3,3,4,4;3,3,3,4,4]",killed,entropy0,2,2,0,8,309
105,"[3,3,3,3,6;3,3,3,4,4;3,3,3,4,4]",killed,entropy0,3,3,0,10,623
106,"[3,3,3,3,6;3,3,3,4,4;3,3,3,4,4]",killed,entropy0,3,3,0,10,688
107,"[3,3,3,3,6;3,3,3,4,4;3,3,3,4,4]",killed,entropy0,3,3,0,9,478
108,"[3,3,3,3,6;3,3,3,4,4;3,3,3,4,4]",killed,entropy0,4,4,0,11,834
109,"[3,3,3,3,6;3,3,3,3,6;3,3,3,4,4]",killed,entropy0,3,3,0,9,499
110,"[3,3,3,3,6;3,3,3,3,6;3,3,3,4,4]",killed,entropy0,3,3,0,9,541
111,"[3,3,3,3,6;3,3,3,3,6;3,3,3,4,4]",killed,entropy0,2,2,0,9,364
112,"[3,3,3,3,6;3,3,3,3,6;3,3,3,4,4]",killed,entropy0,3,3,0,9,589
113,"[3,3,3,3,6;3,3,3,3,6;3,3,3,4,4]",killed,entropy0,1,1,0,7,177
114,"[3,3,3,3,6;3,3,3,4,4;3,3,4,3,4]",survived,wall,-1,8,0,17,4484
115,"[3,3,3,3,6;3,3,3,4,4;3,3,4,3,4]",survived,wall,-1,8,0,17,4606
116,"[3,3,3,3,6;3,3,3,4,4;3,3,4,3,4]",killed,entropy0,3,3,0,9,774
117,"[3,3,3,3,6;3,3,3,4,4;3,3,4,3,4]",killed,entropy0,3,3,0,10,694
118,"[3,3,3,3,6;3,3,4,3,4;3,3,3,4,4]",killed,entropy0,4,4,0,11,1133
119,"[3,3,3,3,6;3,3,3,4,4;3,3,4,12]",killed,entropy0,1,1,0,6,189
120,"[3,3,3,3,6;3,3,3,4,4;3,3,12,4]",killed,entropy0,4,4,0,12,1141
121,"[3,3,3,3,6;3,3,3,4,4;3,3,12,4]",killed,entropy0,3,3,0,8,770
122,"[3,3,3,3,6;3,3,6,6;3,3,3,4,4]",killed,entropy0,2,2,0,7,321
123,"[3,3,3,3,6;3,3,6,6;3,3,3,4,4]",killed,entropy0,1,1,0,7,145
124,"[3,3,3,3,6;3,3,6,6;3,3,3,4,4]",killed,entropy0,2,2,0,7,312
125,"[3,3,3,3,6;3,6,4,4;3,3,3,4,4]",survived,wall,-1,1,0,9,214
126,"[3,3,3,3,6;3,6,4,4;3,3,3,4,4]",killed,entropy0,3,3,0,9,615
127,"[3,3,3,3,6;3,6,4,4;3,3,3,4,4]",survived,timecap,-1,14,0,18,11272
128,"[3,3,3,3,6;3,6,4,4;3,3,3,4,4]",killed,entropy0,3,3,0,9,692
129,"[3,3,3,3,6;3,6,4,4;3,3,3,4,4]",survived,wall,-1,2,0,10,483
130,"[3,3,3,3,6;3,3,3,4,4;3,4,4,6]",survived,wall,-1,4,0,10,1352
131,"[3,3,3,3,6;3,3,3,4,4;3,6,4,4]",survived,wall,-1,4,0,10,1360
132,"[3,3,3,3,6;3,3,3,4,4;3,4,4,6]",survived,wall,-1,4,0,12,1108
133,"[3,3,3,3,6;3,3,3,4,4;3,4,4,6]",survived,wall,-1,3,0,10,892
134,"[3,3,3,3,6;3,3,3,4,4;3,6,4,4]",survived,wall,-1,3,0,11,956
135,"[3,3,3,3,6;3,3,3,4,4;3,6,4,4]",survived,wall,-1,7,0,14,2909
136,"[3,3,3,3,6;3,3,3,4,4;3,4,4,6]",survived,wall,-1,4,0,11,1451
137,"[3,3,3,3,6;3,3,3,4,4;3,6,4,4]",survived,wall,-1,4,0,10,1581
138,"[3,3,3,3,6;3,6,3,6;3,3,3,4,4]",survived,timecap,-1,14,0,16,10623
139,"[3,3,3,3,6;3,6,3,6;3,3,3,4,4]",survived,timecap,-1,13,0,15,10102
140,"[3,3,3,3,6;3,3,3,4,4;3,4,6,4]",killed,entropy0,3,3,0,9,780
141,"[3,3,3,3,6;3,3,3,4,4;4,4,4,4]",killed,entropy0,3,3,0,9,973
142,"[3,3,3,3,6;3,3,3,4,4;4,4,4,4]",killed,entropy0,4,4,0,10,824
143,"[3,3,3,3,6;3,3,4,3,4;3,3,4,3,4]",killed,entropy0,1,1,0,9,199
144,"[3,3,3,3,6;3,3,4,3,4;3,3,4,3,4]",killed,entropy0,1,1,0,9,178
145,"[3,3,3,3,6;3,3,4,3,4;3,3,4,12]",killed,entropy0,1,1,0,9,304
146,"[3,3,3,3,6;3,6,4,4;3,3,4,3,4]",survived,wall,-1,9,0,16,6279
147,"[3,3,3,3,6;3,6,4,4;3,3,4,3,4]",survived,wall,-1,9,0,16,6222
148,"[3,3,3,3,6;3,6,4,4;3,3,4,3,4]",survived,wall,-1,9,0,16,6306
149,"[3,3,3,3,6;3,3,4,3,4;3,4,4,6]",killed,entropy0,4,4,0,10,1183
150,"[3,3,3,3,6;3,3,4,3,4;3,6,4,4]",killed,entropy0,10,10,0,13,6291
151,"[3,3,3,3,6;3,3,4,3,4;3,4,4,6]",killed,entropy0,9,9,0,13,5135
152,"[3,3,3,3,6;3,3,4,3,4;3,4,3,12]",killed,entropy0,1,1,0,8,232
153,"[3,3,3,3,6;3,3,4,3,4;3,4,6,4]",killed,entropy0,1,1,0,8,185
154,"[3,3,3,3,6;3,3,4,12;3,3,12,4]",killed,entropy0,1,1,0,7,184
155,"[3,3,3,3,6;3,6,4,4;3,3,4,12]",killed,entropy0,2,2,0,6,247
156,"[3,3,3,3,6;3,6,4,4;3,3,12,4]",killed,entropy0,1,1,1,6,156
157,"[3,3,3,3,6;3,3,4,12;4,6,12]",killed,entropy0,1,1,0,6,182
158,"[3,3,3,3,6;3,3,6,6;3,3,6,6]",survived,wall,-1,3,0,10,517
159,"[3,3,3,3,6;3,3,6,6;3,3,6,6]",survived,wall,-1,3,0,10,559
160,"[3,3,3,3,6;3,3,6,6;3,3,6,6]",killed,entropy0,1,1,0,6,148
161,"[3,3,3,3,6;3,3,6,6;3,3,6,6]",survived,wall,-1,0,0,8,72
162,"[3,3,3,3,6;3,3,6,6;3,3,6,6]",survived,wall,-1,0,0,7,111
163,"[3,3,3,3,6;3,3,3,3,6;3,3,6,6]",survived,wall,-1,2,0,9,337
164,"[3,3,3,3,6;3,3,3,3,6;3,3,6,6]",survived,wall,-1,1,0,10,203
165,"[3,3,3,3,6;3,3,6,6;3,3,3,3,6]",survived,wall,-1,1,0,8,174
166,"[3,3,3,3,6;3,3,6,6;3,3,3,3,6]",killed,entropy0,1,1,0,6,137
167,"[3,3,3,3,6;3,3,6,6;3,3,3,3,6]",killed,entropy0,1,1,0,6,130
168,"[3,3,3,3,6;3,3,6,6;3,3,3,3,6]",survived,wall,-1,2,0,9,311
169,"[3,3,3,3,6;3,3,6,6;3,3,3,3,6]",survived,wall,-1,1,0,9,216
170,"[3,3,3,3,6;3,3,6,6;3,3,3,3,6]",survived,wall,-1,1,0,9,209
171,"[3,3,3,3,6;3,3,6,6;3,3,3,3,6]",survived,wall,-1,2,0,9,298
172,"[3,3,3,3,6;3,3,6,6;3,6,3,6]",survived,wall,-1,1,0,9,193
173,"[3,3,3,3,6;3,3,6,6;3,6,3,6]",survived,wall,-1,2,0,9,295
174,"[3,3,3,3,6;3,6,3,6;3,3,6,6]",survived,wall,-1,1,0,8,154
175,"[3,3,3,3,6;3,6,3,6;3,3,6,6]",survived,wall,-1,2,1,10,406
176,"[3,3,3,3,6;3,6,3,6;3,3,6,6]",survived,wall,-1,2,0,9,355
177,"[3,3,3,3,6;3,6,3,6;3,3,6,6]",survived,wall,-1,1,0,9,206
178,"[3,3,3,3,6;3,6,3,6;3,3,6,6]",survived,wall,-1,1,0,9,202
179,"[3,3,3,3,6;3,3,6,6;6,6,6]",survived,wall,-1,0,0,7,63
180,"[3,3,3,3,6;3,3,6,6;6,6,6]",survived,wall,-1,0,0,6,68
181,"[3,3,3,3,6;3,6,3,6;3,6,4,4]",survived,timecap,-1,14,0,23,10167
182,"[3,3,3,3,6;3,6,3,6;3,4,4,6]",survived,timecap,-1,14,0,23,11538
183,"[3,3,3,3,6;3,6,3,6;3,6,3,6]",survived,wall,-1,7,0,12,2204
184,"[3,3,3,3,6;3,6,3,6;3,6,3,6]",survived,wall,-1,2,0,9,338
185,"[3,3,3,3,6;3,6,3,6;3,6,3,6]",survived,wall,-1,2,0,9,331
186,"[3,3,3,3,6;3,3,3,3,6;3,6,3,6]",survived,wall,-1,1,0,9,201
187,"[3,3,3,3,6;3,6,3,6;3,3,3,3,6]",survived,wall,-1,0,0,7,64
188,"[3,3,3,3,6;3,6,3,6;3,3,3,3,6]",survived,wall,-1,3,0,9,584
189,"[3,3,3,3,6;3,6,3,6;3,3,3,3,6]",survived,wall,-1,3,0,9,524
190,"[3,3,3,3,6;3,6,3,6;3,3,3,3,6]",survived,wall,-1,7,0,12,2002
191,"[3,3,3,3,6;3,6,3,6;3,3,3,3,6]",survived,wall,-1,7,0,12,1830
192,"[3,3,3,3,6;3,6,3,6;3,3,3,3,6]",survived,wall,-1,3,0,9,533
193,"[3,3,3,3,6;3,6,3,6;3,3,3,3,6]",survived,wall,-1,2,0,10,315
194,"[3,3,3,3,6;3,6,3,6;3,3,3,3,6]",survived,wall,-1,2,0,10,311
195,"[3,3,3,4,4;3,3,4,3,4;3,3,4,3,4]",survived,wall,-1,5,0,14,1613
196,"[3,3,3,4,4;3,3,4,3,4;3,3,4,3,4]",survived,wall,-1,9,0,18,5192
197,"[3,3,3,4,4;3,3,4,3,4;3,3,4,3,4]",survived,wall,-1,5,0,14,1907
198,"[3,3,3,4,4;3,3,4,3,4;3,3,4,3,4]",survived,wall,-1,3,0,13,909
199,"[3,3,3,4,4;3,3,4,3,4;3,3,4,3,4]",survived,wall,-1,4,0,13,1116
200,"[3,3,3,4,4;3,3,4,3,4;3,3,4,3,4]",survived,wall,-1,8,0,17,4099
201,"[3,3,3,4,4;3,3,4,3,4;3,3,4,3,4]",survived,wall,-1,6,0,15,2203
202,"[3,3,3,4,4;3,3,4,3,4;3,3,4,3,4]",survived,wall,-1,8,0,17,4169
203,"[3,3,3,4,4;3,3,4,3,4;3,3,4,3,4]",survived,wall,-1,1,0,10,274
204,"[3,3,3,4,4;3,3,4,3,4;3,3,4,3,4]",survived,wall,-1,3,0,12,907
205,"[3,3,3,4,4;3,3,4,3,4;3,3,4,3,4]",survived,wall,-1,1,0,10,303
206,"[3,3,3,4,4;3,3,4,3,4;3,3,4,3,4]",survived,wall,-1,5,0,14,1767
207,"[3,3,3,4,4;3,3,4,3,4;3,3,4,3,4]",survived,wall,-1,4,0,13,1165
208,"[3,3,3,4,4;3,3,4,3,4;3,3,4,3,4]",survived,wall,-1,6,0,15,2325
209,"[3,3,3,4,4;3,3,4,3,4;3,3,4,3,4]",survived,timecap,-1,14,0,18,10584
210,"[3,3,3,4,4;3,3,4,3,4;3,3,4,3,4]",survived,wall,-1,1,0,11,245
211,"[3,3,3,4,4;3,3,4,3,4;3,3,4,3,4]",survived,wall,-1,3,0,12,631
212,"[3,3,3,4,4;3,3,4,3,4;3,3,4,3,4]",survived,wall,-1,2,0,11,448
213,"[3,3,3,4,4;3,3,4,3,4;3,3,4,3,4]",survived,wall,-1,3,0,13,696
214,"[3,3,3,4,4;3,3,4,3,4;3,3,4,3,4]",survived,wall,-1,2,0,12,459
215,"[3,3,3,4,4;3,3,4,3,4;3,3,4,3,4]",survived,wall,-1,3,0,13,716
216,"[3,3,3,4,4;3,3,3,4,4;3,3,4,3,4]",survived,wall,-1,7,0,17,3304
217,"[3,3,3,4,4;3,3,3,4,4;3,3,4,3,4]",survived,wall,-1,11,0,21,8192
218,"[3,3,3,4,4;3,3,3,4,4;3,3,4,3,4]",survived,wall,-1,7,0,17,2861
219,"[3,3,3,4,4;3,3,4,3,4;3,3,3,4,4]",survived,wall,-1,3,0,13,649
220,"[3,3,3,4,4;3,3,4,3,4;3,3,3,4,4]",survived,wall,-1,7,0,17,2847
221,"[3,3,3,4,4;3,3,4,3,4;3,3,3,4,4]",survived,wall,-1,3,0,13,665
222,"[3,3,3,4,4;3,3,4,3,4;3,3,3,4,4]",survived,timecap,-1,15,0,18,11581
223,"[3,3,3,4,4;3,3,4,3,4;3,3,3,4,4]",survived,wall,-1,6,0,15,1935
224,"[3,3,3,4,4;3,3,4,3,4;3,3,3,4,4]",survived,wall,-1,6,0,15,1994
225,"[3,3,3,4,4;3,3,4,3,4;3,3,3,4,4]",survived,wall,-1,3,0,13,704
226,"[3,3,3,4,4;3,3,4,3,4;3,3,3,4,4]",survived,wall,-1,0,0,9,79
227,"[3,3,3,4,4;3,3,4,3,4;3,3,3,4,4]",survived,wall,-1,5,0,14,1334
228,"[3,3,3,4,4;3,3,4,3,4;3,3,3,4,4]",survived,timecap,-1,15,0,18,11648
229,"[3,3,3,4,4;3,3,4,3,4;3,3,3,4,4]",survived,wall,-1,1,0,10,210
230,"[3,3,3,4,4;3,3,4,12;3,3,4,3,4]",killed,entropy0,3,3,0,10,735
231,"[3,3,3,4,4;3,3,4,12;3,3,4,3,4]",killed,entropy0,3,3,0,9,783
232,"[3,3,3,4,4;3,3,4,12;3,3,4,3,4]",killed,entropy0,2,2,0,9,473
233,"[3,3,3,4,4;3,3,4,3,4;3,3,12,4]",killed,entropy0,3,3,0,9,784
234,"[3,3,3,4,4;3,3,4,3,4;3,3,4,12]",survived,timecap,-1,13,1,15,10158
235,"[3,3,3,4,4;3,3,4,3,4;3,3,12,4]",survived,timecap,-1,12,2,15,11757
236,"[3,3,3,4,4;3,3,4,3,4;3,3,12,4]",killed,entropy0,4,4,0,10,1288
237,"[3,3,3,4,4;3,3,4,3,4;3,3,4,12]",killed,entropy0,3,3,1,10,1231
238,"[3,3,3,4,4;3,3,4,3,4;3,3,12,4]",survived,timecap,-1,13,0,14,10913
239,"[3,3,3,4,4;3,3,4,3,4;3,4,3,12]",killed,entropy0,1,1,0,8,258
240,"[3,3,3,4,4;3,3,4,3,4;3,4,3,12]",killed,entropy0,1,1,1,9,392
241,"[3,3,3,4,4;3,3,4,3,4;3,4,3,12]",survived,timecap,-1,14,1,16,11801
242,"[3,3,3,4,4;3,3,4,3,4;3,4,3,12]",survived,timecap,-1,14,1,16,10970
243,"[3,3,3,4,4;3,3,4,3,4;3,4,4,6]",survived,wall,-1,10,0,18,6660
244,"[3,3,3,4,4;3,3,4,3,4;3,6,4,4]",killed,entropy0,2,2,0,8,387
245,"[3,3,3,4,4;3,3,4,3,4;3,4,4,6]",survived,wall,-1,11,0,19,7990
246,"[3,3,3,4,4;3,3,4,3,4;3,4,4,6]",survived,wall,-1,12,0,19,9830
247,"[3,3,3,4,4;3,3,4,3,4;3,6,4,4]",killed,entropy0,1,1,0,9,240
248,"[3,3,3,4,4;3,3,4,3,4;3,4,4,6]",survived,wall,-1,8,0,17,4410
249,"[3,3,3,4,4;3,3,4,3,4;3,6,4,4]",survived,wall,-1,8,0,17,4464
250,"[3,3,3,4,4;3,4,4,6;3,3,4,3,4]",survived,wall,-1,7,0,16,2630
251,"[3,3,3,4,4;3,3,4,3,4;3,4,6,4]",survived,wall,-1,9,0,17,4545
252,"[3,3,3,4,4;3,3,4,3,4;3,4,6,4]",survived,wall,-1,8,0,17,3415
253,"[3,3,3,4,4;3,3,4,3,4;3,4,6,4]",survived,wall,-1,13,0,20,10406
254,"[3,3,3,4,4;3,3,4,3,4;3,4,6,4]",survived,wall,-1,6,0,15,2216
255,"[3,3,3,4,4;3,3,4,3,4;3,4,6,4]",survived,wall,-1,7,0,16,2878
256,"[3,3,3,4,4;3,4,6,4;3,3,4,3,4]",survived,wall,-1,6,0,14,1903
257,"[3,3,3,4,4;3,4,6,4;3,3,4,3,4]",survived,wall,-1,7,0,15,2595
258,"[3,3,3,4,4;3,3,4,3,4;3,4,6,4]",survived,wall,-1,7,0,16,2814
259,"[3,3,3,4,4;3,3,4,3,4;3,4,6,4]",survived,wall,-1,7,0,16,3064
260,"[3,3,3,4,4;3,3,4,3,4;4,4,4,4]",survived,wall,-1,3,0,11,731
261,"[3,3,3,4,4;3,3,4,3,4;4,4,4,4]",survived,wall,-1,3,0,11,700
262,"[3,3,3,4,4;3,3,4,3,4;4,4,4,4]",survived,wall,-1,4,0,11,1088
263,"[3,3,3,4,4;3,3,4,12;3,3,12,4]",killed,entropy0,1,1,0,7,252
264,"[3,3,3,4,4;3,3,4,12;3,3,12,4]",killed,entropy0,2,2,0,8,298
265,"[3,3,3,4,4;3,3,3,4,4;3,3,12,4]",killed,entropy0,1,1,0,8,256
266,"[3,3,3,4,4;3,3,4,12;3,3,3,4,4]",killed,entropy0,2,2,0,9,380
267,"[3,3,3,4,4;3,3,4,12;3,3,3,4,4]",killed,entropy0,1,1,0,8,181
268,"[3,3,3,4,4;3,3,4,12;3,4,3,12]",killed,surrounded-disallowed,4,4,0,7,1114
269,"[3,3,3,4,4;3,3,4,12;3,4,3,12]",killed,surrounded-disallowed,6,6,0,10,1817
270,"[3,3,3,4,4;3,4,3,12;3,3,12,4]",killed,surrounded-disallowed,2,2,0,7,297
271,"[3,3,3,4,4;3,4,3,12;3,3,4,12]",killed,surrounded-disallowed,3,3,1,7,727
272,"[3,3,3,4,4;3,4,3,12;3,3,4,12]",killed,entropy0,1,1,0,9,180
273,"[3,3,3,4,4;3,3,4,12;3,4,6,4]",killed,entropy0,2,2,0,8,378
274,"[3,3,3,4,4;3,4,6,4;3,3,4,12]",survived,timecap,-1,16,0,18,11528
275,"[3,3,3,4,4;3,4,6,4;3,3,12,4]",survived,timecap,-1,15,1,18,11433
276,"[3,3,3,4,4;3,4,4,6;3,3,6,6]",survived,wall,-1,6,0,15,1739
277,"[3,3,3,4,4;3,4,4,6;3,3,6,6]",survived,wall,-1,5,1,15,1678
278,"[3,3,3,4,4;3,3,6,6;3,4,4,6]",survived,wall,-1,8,0,15,3252
279,"[3,3,3,4,4;3,3,6,6;3,6,4,4]",survived,wall,-1,8,0,15,3219
280,"[3,3,3,4,4;3,4,4,6;3,3,6,6]",survived,wall,-1,7,0,16,2490
281,"[3,3,3,4,4;3,4,4,6;3,6,4,4]",killed,entropy0,1,1,0,9,140
282,"[3,3,3,4,4;3,3,3,4,4;3,4,4,6]",killed,entropy0,7,7,0,13,2065
283,"[3,3,3,4,4;3,3,3,4,4;3,6,4,4]",killed,entropy0,7,7,0,13,2122
284,"[3,3,3,4,4;3,3,3,4,4;3,4,4,6]",killed,entropy0,7,7,0,13,2058
285,"[3,3,3,4,4;3,3,3,4,4;3,6,4,4]",killed,entropy0,7,7,0,13,2158
286,"[3,3,3,4,4;3,4,6,4;3,4,4,6]",killed,entropy0,3,3,0,8,644
287,"[3,3,3,4,4;3,4,6,4;3,4,4,6]",killed,entropy0,1,1,0,8,251
288,"[3,3,3,4,4;3,4,4,6;3,4,6,4]",killed,entropy0,4,4,0,8,772
289,"[3,3,3,4,4;4,4,4,4;3,4,4,6]",killed,entropy0,3,3,0,11,636
290,"[3,3,3,4,4;3,4,4,6;3,6,3,6]",survived,wall,-1,3,0,11,675
291,"[3,3,3,4,4;3,4,6,4;3,4,6,4]",survived,budget,-1,16,0,15,11354
292,"[3,3,3,4,4;3,4,6,4;3,4,6,4]",survived,budget,-1,16,0,15,10538
293,"[3,3,3,4,4;3,4,6,4;3,4,6,4]",survived,budget,-1,16,0,15,10757
294,"[3,3,3,4,4;3,3,3,4,4;3,4,6,4]",killed,entropy0,1,1,0,9,93
295,"[3,3,3,4,4;3,4,6,4;3,3,3,4,4]",survived,budget,-1,16,0,15,10349
296,"[3,3,3,4,4;3,4,6,4;3,3,3,4,4]",survived,budget,-1,16,0,15,10399
297,"[3,3,3,4,4;3,4,6,4;3,3,3,4,4]",survived,budget,-1,16,0,15,10442
298,"[3,3,3,4,4;3,4,6,4;4,6,12]",killed,entropy0,2,2,0,9,316
299,"[3,3,3,4,4;4,4,4,4;4,4,4,4]",survived,timecap,-1,16,0,17,11540
300,"[3,3,3,4,4;4,4,4,4;4,4,4,4]",survived,timecap,-1,15,0,15,10102
301,"[3,3,3,4,4;3,3,3,4,4;4,4,4,4]",survived,timecap,-1,16,0,17,11658
302,"[3,3,3,4,4;3,3,3,4,4;4,4,4,4]",survived,timecap,-1,16,0,17,11605
303,"[3,3,3,4,4;4,4,4,4;3,3,3,4,4]",survived,timecap,-1,14,0,16,11405
304,"[3,3,4,12;3,3,4,3,4;3,3,12,4]",killed,entropy0,1,1,0,8,126
305,"[3,3,4,12;3,3,4,3,4;3,3,4,3,4]",killed,entropy0,2,2,0,10,382
306,"[3,3,4,12;3,3,4,3,4;3,3,4,3,4]",killed,entropy0,1,1,0,8,317
307,"[3,3,4,12;3,4,3,12;3,3,4,3,4]",survived,wall,-1,2,0,9,460
308,"[3,3,4,12;3,4,3,12;3,3,4,3,4]",survived,wall,-1,2,0,9,457
309,"[3,3,4,12;3,4,3,12;3,3,4,3,4]",survived,wall,-1,4,0,12,1256
310,"[3,3,4,12;3,4,3,12;3,3,4,3,4]",survived,wall,-1,2,0,10,866
311,"[3,3,4,12;3,3,4,3,4;3,4,3,12]",survived,wall,-1,4,0,9,1510
312,"[3,3,4,12;3,3,4,3,4;3,4,3,12]",survived,wall,-1,4,0,9,1368
313,"[3,3,4,12;3,3,4,3,4;3,4,3,12]",killed,entropy0,2,2,0,8,652
314,"[3,3,4,12;3,3,4,3,4;3,4,3,12]",survived,wall,-1,7,0,11,2969
315,"[3,3,4,12;3,4,3,12;3,3,4,3,4]",survived,wall,-1,7,0,11,2470
316,"[3,3,4,12;3,3,4,3,4;3,4,6,4]",killed,entropy0,2,2,0,9,494
317,"[3,12,12;3,3,12,4;3,3,4,3,4]",survived,wall,-1,3,1,9,848
318,"[3,3,4,3,4;3,4,4,6;3,3,6,6]",survived,wall,-1,4,0,13,1140
319,"[3,3,4,3,4;3,3,6,6;3,4,4,6]",killed,entropy0,1,1,0,6,293
320,"[3,3,4,3,4;3,4,3,12;3,4,3,12]",killed,entropy0,4,4,0,11,823
321,"[3,3,4,3,4;3,4,3,12;3,4,3,12]",killed,entropy0,3,3,0,10,526
322,"[3,3,4,3,4;3,3,4,3,4;3,4,3,12]",killed,entropy0,4,4,0,11,1041
323,"[3,3,4,3,4;3,3,4,3,4;3,4,3,12]",killed,entropy0,4,4,0,11,849
324,"[3,3,4,3,4;3,3,4,3,4;3,4,3,12]",killed,entropy0,4,4,0,11,705
325,"[3,3,4,3,4;3,4,3,12;3,3,4,3,4]",killed,entropy0,2,2,0,9,359
326,"[3,3,4,3,4;3,4,6,4;3,4,3,12]",survived,budget,-1,16,0,19,11213
327,"[3,3,4,3,4;3,4,6,4;3,4,3,12]",survived,timecap,-1,16,0,18,10357
328,"[3,3,4,3,4;3,4,3,12;3,4,6,4]",survived,timecap,-1,16,0,18,10201
329,"[3,12,12;3,4,3,12;3,3,4,3,4]",killed,entropy0,4,4,0,9,735
330,"[3,3,4,3,4;3,4,4,6;3,6,4,4]",killed,entropy0,4,4,0,10,920
331,"[3,3,4,3,4;3,4,4,6;3,6,4,4]",killed,entropy0,2,2,0,9,330
332,"[3,3,4,3,4;3,4,4,6;3,6,4,4]",killed,entropy0,5,5,0,11,1494
333,"[3,3,4,3,4;3,3,4,3,4;3,4,4,6]",killed,entropy0,4,4,0,10,1023
334,"[3,3,4,3,4;3,3,4,3,4;3,6,4,4]",killed,entropy0,4,4,0,10,1020
335,"[3,3,4,3,4;3,3,4,3,4;3,4,4,6]",killed,entropy0,4,4,0,10,866
336,"[3,3,4,3,4;3,4,6,4;3,4,4,6]",survived,wall,-1,4,0,10,1049
337,"[3,3,4,3,4;3,4,6,4;3,6,4,4]",survived,wall,-1,4,0,10,1056
338,"[3,3,4,3,4;3,4,6,4;3,6,4,4]",survived,wall,-1,4,0,10,1055
339,"[3,3,4,3,4;3,4,6,4;3,4,4,6]",survived,wall,-1,4,0,10,1014
340,"[3,3,4,3,4;3,4,4,6;3,4,6,4]",survived,wall,-1,2,0,10,497
341,"[3,3,4,3,4;3,4,6,4;3,6,4,4]",killed,entropy0,1,1,0,7,118
342,"[3,3,4,3,4;3,4,6,4;3,4,4,6]",survived,wall,-1,2,0,10,555
343,"[3,3,4,3,4;3,4,4,6;4,4,4,4]",killed,entropy0,1,1,0,7,153
344,"[3,3,4,3,4;3,4,4,6;4,12,6]",killed,entropy0,5,5,1,10,1579
345,"[3,3,4,3,4;3,4,6,4;3,4,6,4]",survived,wall,-1,11,0,20,5176
346,"[3,3,4,3,4;3,4,6,4;3,4,6,4]",survived,budget,-1,16,0,19,9785
347,"[3,3,4,3,4;3,4,6,4;3,4,6,4]",survived,wall,-1,5,0,13,860
348,"[3,3,4,3,4;3,4,6,4;3,4,6,4]",survived,wall,-1,5,0,13,862
349,"[3,3,4,3,4;3,4,6,4;3,4,6,4]",survived,wall,-1,15,0,19,7362
350,"[3,3,4,3,4;3,4,6,4;3,4,6,4]",survived,wall,-1,7,0,14,1521
351,"[3,3,4,3,4;3,4,6,4;3,4,6,4]",survived,wall,-1,7,0,14,1546
352,"[3,3,4,3,4;3,3,4,3,4;3,4,6,4]",survived,wall,-1,7,0,16,1891
353,"[3,3,4,3,4;3,3,4,3,4;3,4,6,4]",survived,wall,-1,9,0,17,3282
354,"[3,3,4,3,4;3,3,4,3,4;3,4,6,4]",survived,wall,-1,7,0,14,1720
355,"[3,3,4,3,4;3,3,4,3,4;3,4,6,4]",survived,wall,-1,7,0,14,1559
356,"[3,3,4,3,4;3,3,4,3,4;3,4,6,4]",survived,wall,-1,7,0,14,1546
357,"[3,3,4,3,4;3,4,6,4;3,3,4,3,4]",survived,wall,-1,5,0,13,796
358,"[3,3,4,3,4;3,4,6,4;3,3,4,3,4]",survived,wall,-1,9,0,16,2927
359,"[3,3,4,3,4;3,4,6,4;3,3,4,3,4]",survived,wall,-1,7,0,13,1642
360,"[3,3,4,3,4;3,3,4,3,4;3,4,6,4]",survived,wall,-1,7,0,14,1695
361,"[3,3,4,3,4;3,3,4,3,4;3,4,6,4]",survived,wall,-1,11,0,16,4238
362,"[3,3,4,3,4;3,4,6,4;4,6,12]",killed,entropy0,1,1,0,7,139
363,"[3,3,4,3,4;3,4,6,4;4,6,12]",survived,budget,-1,16,1,20,10580
364,"[3,3,12,4;3,4,3,12;3,3,12,4]",killed,surrounded-disallowed,3,3,0,6,276
365,"[3,3,12,4;3,4,3,12;3,3,4,12]",killed,surrounded-disallowed,3,3,0,6,301
366,"[3,3,12,4;3,4,3,12;3,3,4,12]",killed,surrounded-disallowed,3,3,0,6,425
367,"[3,3,12,4;3,4,3,12;3,3,4,12]",killed,entropy0,2,2,0,8,225
368,"[3,3,12,4;3,4,6,4;3,3,4,12]",killed,entropy0,1,1,0,7,80
369,"[3,12,12;3,3,12,4;3,3,4,12]",killed,entropy0,2,2,0,7,186
370,"[3,3,4,12;3,4,3,12;3,4,3,12]",killed,surrounded-disallowed,2,2,1,6,284
371,"[3,3,4,12;3,4,3,12;3,4,6,4]",killed,surrounded-disallowed,2,2,0,7,304
372,"[3,12,12;3,4,3,12;3,3,12,4]",survived,budget,-1,16,4,11,10794
373,"[3,12,12;3,4,3,12;3,3,12,4]",survived,timecap,-1,16,4,10,10683
374,"[3,3,4,12;3,4,3,12;4,6,12]",killed,entropy0,1,1,0,6,157
375,"[3,3,4,12;3,4,6,4;3,4,6,4]",killed,surrounded-disallowed,2,2,0,7,205
376,"[3,3,4,12;3,4,6,4;3,4,6,4]",killed,surrounded-disallowed,2,2,0,6,151
377,"[3,3,4,12;3,4,6,4;3,6,4,4]",killed,surrounded-disallowed,2,2,0,7,334
378,"[3,12,12;3,3,12,4;3,4,6,4]",survived,timecap,-1,16,4,11,10510
379,"[3,3,4,12;4,6,12;3,6,4,4]",killed,entropy0,1,1,0,6,143
380,"[3,12,12;3,3,12,4;3,12,12]",killed,entropy0,1,1,0,5,69
381,"[3,12,12;3,3,12,4;4,12,6]",killed,entropy0,2,2,0,6,186
382,"[3,3,4,12;4,6,12;4,12,6]",killed,entropy0,1,1,0,6,77
383,"[3,3,6,6;3,6,3,6;3,6,4,4]",survived,timecap,-1,15,0,16,10214
384,"[3,3,6,6;3,6,3,6;3,4,4,6]",survived,timecap,-1,16,0,17,10246
385,"[3,3,6,6;3,6,3,6;3,6,3,6]",survived,timecap,-1,16,1,22,11169
386,"[3,3,6,6;3,6,3,6;3,6,3,6]",survived,budget,-1,16,0,16,9101
387,"[3,3,6,6;3,6,3,6;3,6,3,6]",survived,budget,-1,16,0,16,9124
388,"[3,3,6,6;3,6,3,6;3,3,6,6]",survived,budget,-1,16,0,22,11056
389,"[3,3,6,6;3,6,3,6;3,3,6,6]",survived,budget,-1,16,0,22,10589
390,"[3,3,6,6;3,6,3,6;3,3,6,6]",survived,budget,-1,16,0,16,8647
391,"[3,3,6,6;3,6,3,6;3,3,6,6]",survived,budget,-1,16,0,16,8564
392,"[3,3,6,6;3,6,3,6;6,6,6]",survived,wall,-1,2,0,7,228
393,"[3,3,6,6;6,6,6;6,6,6]",killed,entropy0,1,1,0,7,40
394,"[3,3,6,6;6,6,6;3,3,6,6]",killed,entropy0,1,1,0,8,54
395,"[3,4,3,12;3,4,6,4;3,6,4,4]",killed,entropy0,2,2,0,8,276
396,"[3,4,3,12;3,4,6,4;3,4,4,6]",killed,entropy0,1,1,0,7,112
397,"[3,4,3,12;3,4,6,4;3,4,6,4]",killed,entropy0,2,2,0,8,144
398,"[3,4,3,12;3,4,6,4;3,4,6,4]",killed,entropy0,1,1,0,7,62
399,"[3,4,3,12;3,4,3,12;3,4,6,4]",killed,entropy0,2,2,0,7,129
400,"[3,4,3,12;3,4,3,12;3,4,6,4]",killed,entropy0,2,2,0,7,126
401,"[3,12,12;3,4,3,12;3,4,6,4]",survived,budget,-1,16,5,10,7656
402,"[3,12,12;3,4,3,12;3,12,12]",survived,wall,-1,6,3,8,782
403,"[3,12,12;3,4,3,12;3,12,12]",survived,wall,-1,6,3,8,809
404,"[3,12,12;3,4,3,12;3,4,3,12]",survived,wall,-1,6,3,8,784
405,"[3,12,12;3,4,3,12;3,4,3,12]",survived,wall,-1,6,3,8,835
406,"[3,4,4,6;3,4,6,4;3,4,6,4]",survived,wall,-1,1,0,8,168
407,"[3,4,4,6;3,4,6,4;3,4,6,4]",survived,wall,-1,3,0,8,431
408,"[3,4,4,6;3,4,6,4;3,4,6,4]",survived,wall,-1,3,0,8,422
409,"[3,4,4,6;3,4,6,4;3,4,6,4]",survived,wall,-1,6,0,10,1216
410,"[3,4,4,6;3,4,6,4;3,4,6,4]",survived,wall,-1,6,0,10,1412
411,"[3,4,4,6;3,4,6,4;3,4,6,4]",survived,wall,-1,2,0,10,339
412,"[3,4,4,6;3,6,4,4;3,4,6,4]",survived,wall,-1,0,0,6,60
413,"[3,4,4,6;3,6,4,4;3,4,6,4]",survived,wall,-1,1,0,8,166
414,"[3,4,4,6;3,4,6,4;3,6,4,4]",survived,wall,-1,3,0,8,434
415,"[3,4,4,6;3,4,6,4;3,6,4,4]",survived,wall,-1,3,0,10,522
416,"[3,4,4,6;3,4,6,4;3,6,4,4]",killed,entropy0,1,1,0,7,153
417,"[3,4,4,6;3,6,4,4;3,4,6,4]",survived,wall,-1,6,0,10,1219
418,"[3,4,4,6;3,4,6,4;3,6,4,4]",survived,wall,-1,5,0,12,1159
419,"[3,4,4,6;3,6,3,6;3,4,6,4]",survived,wall,-1,1,0,8,173
420,"[3,4,4,6;3,4,6,4;4,4,4,4]",survived,wall,-1,9,1,12,2987
421,"[3,4,4,6;4,4,4,4;3,4,6,4]",survived,wall,-1,10,0,12,4605
422,"[3,4,4,6;3,4,6,4;4,12,6]",survived,wall,-1,14,1,16,8142
423,"[3,4,4,6;3,4,6,4;4,12,6]",survived,budget,-1,16,3,15,11371
424,"[3,4,4,6;3,6,3,6;3,6,3,6]",survived,budget,-1,16,0,19,10146
425,"[3,4,4,6;3,6,3,6;3,6,3,6]",survived,budget,-1,16,0,19,10086
426,"[3,4,4,6;3,6,3,6;3,6,4,4]",survived,timecap,-1,15,0,25,11450
427,"[3,4,4,6;3,6,3,6;3,4,4,6]",survived,budget,-1,16,0,17,8903
428,"[3,4,4,6;3,6,3,6;3,6,4,4]",survived,budget,-1,16,0,17,8822
429,"[3,4,4,6;3,6,3,6;3,6,4,4]",survived,timecap,-1,15,0,25,11584
430,"[3,4,4,6;3,6,3,6;3,6,4,4]",survived,timecap,-1,16,0,18,10256
431,"[3,4,4,6;3,6,3,6;3,4,4,6]",survived,timecap,-1,16,0,18,10205
432,"[3,4,4,6;3,6,3,6;4,4,4,4]",survived,timecap,-1,16,0,18,10444
433,"[3,4,4,6;3,6,3,6;4,12,6]",survived,wall,-1,14,1,16,9039
434,"[3,4,4,6;4,4,4,4;3,6,4,4]",killed,entropy0,1,1,0,7,73
435,"[3,4,4,6;4,4,4,4;3,6,4,4]",killed,entropy0,2,2,0,9,224
436,"[3,4,4,6;4,4,4,4;3,4,4,6]",killed,entropy0,2,2,0,9,218
437,"[3,4,4,6;3,6,4,4;4,12,6]",killed,entropy0,1,1,1,6,101
438,"[3,4,4,6;4,4,4,4;4,4,4,4]",killed,entropy0,2,2,0,8,178
439,"[3,4,4,6;4,4,4,4;4,4,4,4]",killed,entropy0,2,2,0,9,200
440,"[3,4,4,6;4,4,4,4;4,4,4,4]",killed,entropy0,2,2,0,8,155
441,"[3,4,4,6;4,12,6;4,6,12]",killed,entropy0,2,2,0,6,115
442,"[3,4,4,6;4,12,6;4,6,12]",killed,entropy0,1,1,0,7,62
443,"[3,4,6,4;4,12,6;4,6,12]",survived,budget,-1,16,3,16,6362
444,"[3,4,6,4;4,12,6;4,6,12]",survived,wall,-1,11,1,14,2820
445,"[3,4,6,4;4,12,6;4,6,12]",survived,wall,-1,10,2,14,2807
446,"[3,4,6,4;3,4,6,4;4,12,6]",survived,wall,-1,10,2,14,2873
447,"[3,4,6,4;3,4,6,4;4,6,12]",survived,wall,-1,10,2,14,2855
448,"[3,4,6,4;3,4,6,4;4,6,12]",survived,wall,-1,13,2,16,5079
